<?xml version="1.0"?>
<project xsi:schemaLocation="http://maven.apache.org/POM/4.0.0 http://maven.apache.org/xsd/maven-4.0.0.xsd" xmlns="http://maven.apache.org/POM/4.0.0"
 xmlns:xsi="http://www.w3.org/2001/XMLSchema-instance">
 <modelVersion>4.0.0</modelVersion>
 
 <groupId>at.ac.tuwien.big</groupId>
 <artifactId>WE-lab2</artifactId>
 <version>1.0-SNAPSHOT</version>
 
 <name>WE-lab2</name>
 <packaging>war</packaging>
 
 <dependencies>
  <dependency>
    <groupId>javax.servlet</groupId>
    <artifactId>javax.servlet-api</artifactId>
    <version>3.0.1</version>
    <scope>provided</scope>
  </dependency>
  <dependency>
    <groupId>javax.servlet.jsp</groupId>
    <artifactId>jsp-api</artifactId>
    <version>2.2</version>
    <scope>provided</scope>
  </dependency>
  <dependency>
    <groupId>javax.el</groupId>
    <artifactId>el-api</artifactId>
    <version>2.2</version>
    <scope>provided</scope>
  </dependency>
  <dependency>
    <groupId>javax.servlet</groupId>
    <artifactId>jstl</artifactId>
    <version>1.2</version>
    <scope>provided</scope>
  </dependency>
  <dependency>
    <groupId>org.codehaus.jackson</groupId>
    <artifactId>jackson-core-asl</artifactId>
    <version>1.9.12</version>
  </dependency>
</dependencies>
<build>
  <plugins>
    <plugin>
      <groupId>org.apache.maven.plugins</groupId>
      <artifactId>maven-compiler-plugin</artifactId>
      <version>3.0</version>
      <configuration>
        <source>1.6</source>
        <target>1.6</target>
        <encoding>UTF-8</encoding>
      </configuration>
    </plugin>
  </plugins>
</build>
<properties>
  <netbeans.hint.deploy.server>Tomcat</netbeans.hint.deploy.server>
</properties>
</project>